[{
    "creNumber":"0001",
    "fname":"Harika",
    "lname":"Bezawada",
    "organization":"LBRCE",
     "Email":"harika@gamil.com",
     "status":"Registered"

},
{
    "creNumber":"0002",
    "fname":"Reshmitha",
    "lname":"Samanthula",
    "organization":"BVRC",
     "Email":"Reshmithaa@gamil.com",
     "status":"Pass"

},
{
    "creNumber":"0003",
    "fname":"Pavan",
    "lname":"Bezawada",
    "organization":"LBRCE",
     "Email":"Pavan@gamil.com",
     "status":"Registered"

},{
    "creNumber":"0004",
    "fname":"Pavani",
    "lname":"Gedala",
    "organization":"MRCL",
     "Email":"harika@gamil.com",
     "status":"Pass"

},

{
    "creNumber":"0005",
    "fname":"Lakshmi",
    "lname":"Garidwada",
    "organization":"VR siddartha",
     "Email":"glaksmi2@gamil.com",
     "status":"Fail"

}

]