[
    {
        "qstn-number":"1",
        "question":"Write a program to add the given numbers?"
    },
    {
        "qstn-number":"2",
        "question":"Write a program to find the factorial of given numbers?"
    },
    {
        "qstn-number":"3",
        "question":"Write a program to reverse a string?"
    },
    {
        "qstn-number":"4",
        "question":"Write a program for palindrome?"
    },
    {
        "qstn-number":"5",
        "question":"Write a program to check given numbers are even or odd?"
    },
    {
        "qstn-number":"6",
        "question":"Write a program to check the given number is prime or not?"
    }
]